{
  "files": [
    {
      "filepath": "/Users/bmahmoud/Sync/projects/contribution/hash/libs/@local/harpc/client/typescript/tests/wire-protocol/encode.bench.ts",
      "groups": [
        {
          "fullName": "tests/wire-protocol/encode.bench.ts > request",
          "benchmarks": [
            {
              "id": "-1872942280_0_0",
              "name": "encode",
              "rank": 2,
              "rme": 3.373995113573124,
              "samples": [],
              "totalTime": 500.0316050000042,
              "min": 0.043333999999958905,
              "max": 3.155540999999971,
              "hz": 12837.18856131093,
              "period": 0.07789867658513853,
              "mean": 0.07789867658513853,
              "variance": 0.01154261713834255,
              "sd": 0.10743657262935444,
              "sem": 0.0013409681334289316,
              "df": 6418,
              "critical": 1.96,
              "moe": 0.002628297541520706,
              "p75": 0.06925000000001091,
              "p99": 0.4640829999999596,
              "p995": 0.7862499999999955,
              "p999": 1.3520410000000993,
              "sampleCount": 6419,
              "median": 0.057999999999992724
            },
            {
              "id": "-1872942280_0_1",
              "name": "decode",
              "rank": 1,
              "rme": 3.9653974441353212,
              "samples": [],
              "totalTime": 500.0289969999951,
              "min": 0.04870899999991707,
              "max": 7.698916999999938,
              "hz": 14207.176069031191,
              "period": 0.07038696466779211,
              "mean": 0.07038696466779211,
              "variance": 0.014406176434595751,
              "sd": 0.1200257323851671,
              "sem": 0.0014240422948678878,
              "df": 7103,
              "critical": 1.96,
              "moe": 0.00279112289794106,
              "p75": 0.06395900000006804,
              "p99": 0.5863750000000891,
              "p995": 0.7267079999999169,
              "p999": 0.9018750000000182,
              "sampleCount": 7104,
              "median": 0.05458299999986593
            }
          ]
        }
      ]
    }
  ]
}
