{
  "files": [
    {
      "filepath": "/Users/bmahmoud/Sync/projects/contribution/hash/libs/@local/harpc/client/typescript/tests/wire-protocol/codec.bench.ts",
      "groups": [
        {
          "fullName": "tests/wire-protocol/codec.bench.ts > request",
          "benchmarks": [
            {
              "id": "1029610002_0_0",
              "name": "encode",
              "rank": 2,
              "rme": 3.3891279037451003,
              "samples": [],
              "totalTime": 500.046678999999,
              "min": 0.04504200000008041,
              "max": 3.805541000000062,
              "hz": 11894.889516904504,
              "period": 0.08406971738399445,
              "mean": 0.08406971738399445,
              "variance": 0.01256938157116603,
              "sd": 0.1121132533252248,
              "sem": 0.0014536889032962252,
              "df": 5947,
              "critical": 1.96,
              "moe": 0.0028492302504606014,
              "p75": 0.08391700000004221,
              "p99": 0.48345900000003894,
              "p995": 0.7683749999999918,
              "p999": 1.391208000000006,
              "sampleCount": 5948,
              "median": 0.06475000000000364
            },
            {
              "id": "1029610002_0_1",
              "name": "decode",
              "rank": 1,
              "rme": 2.835417606513977,
              "samples": [],
              "totalTime": 500.0249980000126,
              "min": 0.04937500000005457,
              "max": 4.603375000000142,
              "hz": 14163.291892058207,
              "period": 0.07060505478678518,
              "mean": 0.07060505478678518,
              "variance": 0.007388383537955857,
              "sd": 0.08595570683762573,
              "sem": 0.0010214021196496665,
              "df": 7081,
              "critical": 1.96,
              "moe": 0.0020019481545133465,
              "p75": 0.07195799999999508,
              "p99": 0.5629579999999805,
              "p995": 0.6808329999998932,
              "p999": 0.8418340000000626,
              "sampleCount": 7082,
              "median": 0.056104499999833024
            }
          ]
        },
        {
          "fullName": "tests/wire-protocol/codec.bench.ts > response",
          "benchmarks": [
            {
              "id": "1029610002_1_0",
              "name": "encode",
              "rank": 1,
              "rme": 2.9194385927306064,
              "samples": [],
              "totalTime": 500.0087940000042,
              "min": 0.042832999999973254,
              "max": 2.3194590000000517,
              "hz": 14375.747159358842,
              "period": 0.06956160183639457,
              "mean": 0.06956160183639457,
              "variance": 0.007716738149199472,
              "sd": 0.08784496655585608,
              "sem": 0.0010361266580271964,
              "df": 7187,
              "critical": 1.96,
              "moe": 0.002030808249733305,
              "p75": 0.06933300000014242,
              "p99": 0.33095800000000963,
              "p995": 0.6762499999999818,
              "p999": 0.9772080000000187,
              "sampleCount": 7188,
              "median": 0.053249999999934516
            },
            {
              "id": "1029610002_1_1",
              "name": "decode",
              "rank": 2,
              "rme": 2.665524645897078,
              "samples": [],
              "totalTime": 500.05169199998727,
              "min": 0.049332999999933236,
              "max": 4.414332999999715,
              "hz": 14294.522175119811,
              "period": 0.06995686793508496,
              "mean": 0.06995686793508496,
              "variance": 0.00646991418814993,
              "sd": 0.08043577679210868,
              "sem": 0.0009513865083200815,
              "df": 7147,
              "critical": 1.96,
              "moe": 0.0018647175563073597,
              "p75": 0.07383299999992232,
              "p99": 0.5653340000003482,
              "p995": 0.6323750000001382,
              "p999": 0.7418750000001637,
              "sampleCount": 7148,
              "median": 0.055208000000220636
            }
          ]
        }
      ]
    }
  ]
}
